{
  "starlink_d2_threshold1_km": {
    "param_range": 254,
    "event_range": 1,
    "sensitivity": 0.003937007874015748,
    "min_events": 0,
    "max_events": 0,
    "param_values": [
      1892,
      1950,
      2000,
      2146
    ]
  },
  "starlink_d2_threshold2_km": {
    "param_range": 567,
    "event_range": 1,
    "sensitivity": 0.001763668430335097,
    "min_events": 0,
    "max_events": 0,
    "param_values": [
      1183,
      1380,
      1577,
      1750
    ]
  }
}